{"mean": [72.78946374999995, 73.7086277777778, 59.10323], "std": 29.232437398890948}