{"mean": [82.18392317038423, 91.76547634717218, 86.42974329884335], "std": 40.587659824356216}