{"mean": [90.89983832590433, 98.24835848422458, 98.47987188360861], "std": 33.03479500632769}